threshold,accuracy,precision,recall,f1,roc_auc,pr_auc,sensitivity,specificity,true_negatives,false_positives,false_negatives,true_positives
0.05,0.8771929824561403,0.75,1.0,0.8571428571428571,0.9976851851851851,0.9961867550130692,1.0,0.8055555555555556,58,14,0,42
0.06,0.9122807017543859,0.8076923076923077,1.0,0.8936170212765957,0.9976851851851851,0.9961867550130692,1.0,0.8611111111111112,62,10,0,42
0.07,0.9122807017543859,0.8076923076923077,1.0,0.8936170212765957,0.9976851851851851,0.9961867550130692,1.0,0.8611111111111112,62,10,0,42
0.08,0.9122807017543859,0.8076923076923077,1.0,0.8936170212765957,0.9976851851851851,0.9961867550130692,1.0,0.8611111111111112,62,10,0,42
0.09,0.9298245614035088,0.84,1.0,0.9130434782608695,0.9976851851851851,0.9961867550130692,1.0,0.8888888888888888,64,8,0,42
0.1,0.9298245614035088,0.84,1.0,0.9130434782608695,0.9976851851851851,0.9961867550130692,1.0,0.8888888888888888,64,8,0,42
0.11,0.9385964912280702,0.8571428571428571,1.0,0.9230769230769231,0.9976851851851851,0.9961867550130692,1.0,0.9027777777777778,65,7,0,42
0.12,0.9385964912280702,0.8571428571428571,1.0,0.9230769230769231,0.9976851851851851,0.9961867550130692,1.0,0.9027777777777778,65,7,0,42
0.13,0.9385964912280702,0.8571428571428571,1.0,0.9230769230769231,0.9976851851851851,0.9961867550130692,1.0,0.9027777777777778,65,7,0,42
0.14,0.9473684210526315,0.875,1.0,0.9333333333333333,0.9976851851851851,0.9961867550130692,1.0,0.9166666666666666,66,6,0,42
0.15,0.956140350877193,0.8936170212765957,1.0,0.9438202247191011,0.9976851851851851,0.9961867550130692,1.0,0.9305555555555556,67,5,0,42
0.16,0.9649122807017544,0.9130434782608695,1.0,0.9545454545454546,0.9976851851851851,0.9961867550130692,1.0,0.9444444444444444,68,4,0,42
0.17,0.9649122807017544,0.9130434782608695,1.0,0.9545454545454546,0.9976851851851851,0.9961867550130692,1.0,0.9444444444444444,68,4,0,42
0.18,0.956140350877193,0.9111111111111111,0.9761904761904762,0.9425287356321839,0.9976851851851851,0.9961867550130692,0.9761904761904762,0.9444444444444444,68,4,1,41
0.19,0.9649122807017544,0.9318181818181818,0.9761904761904762,0.9534883720930233,0.9976851851851851,0.9961867550130692,0.9761904761904762,0.9583333333333334,69,3,1,41
0.2,0.9649122807017544,0.9318181818181818,0.9761904761904762,0.9534883720930233,0.9976851851851851,0.9961867550130692,0.9761904761904762,0.9583333333333334,69,3,1,41
0.21,0.9649122807017544,0.9318181818181818,0.9761904761904762,0.9534883720930233,0.9976851851851851,0.9961867550130692,0.9761904761904762,0.9583333333333334,69,3,1,41
0.22,0.9649122807017544,0.9318181818181818,0.9761904761904762,0.9534883720930233,0.9976851851851851,0.9961867550130692,0.9761904761904762,0.9583333333333334,69,3,1,41
0.23,0.9649122807017544,0.9318181818181818,0.9761904761904762,0.9534883720930233,0.9976851851851851,0.9961867550130692,0.9761904761904762,0.9583333333333334,69,3,1,41
0.24,0.9824561403508771,0.9761904761904762,0.9761904761904762,0.9761904761904762,0.9976851851851851,0.9961867550130692,0.9761904761904762,0.9861111111111112,71,1,1,41
0.25,0.9824561403508771,0.9761904761904762,0.9761904761904762,0.9761904761904762,0.9976851851851851,0.9961867550130692,0.9761904761904762,0.9861111111111112,71,1,1,41
0.26,0.9824561403508771,0.9761904761904762,0.9761904761904762,0.9761904761904762,0.9976851851851851,0.9961867550130692,0.9761904761904762,0.9861111111111112,71,1,1,41
0.27,0.9824561403508771,0.9761904761904762,0.9761904761904762,0.9761904761904762,0.9976851851851851,0.9961867550130692,0.9761904761904762,0.9861111111111112,71,1,1,41
0.28,0.9824561403508771,0.9761904761904762,0.9761904761904762,0.9761904761904762,0.9976851851851851,0.9961867550130692,0.9761904761904762,0.9861111111111112,71,1,1,41
0.29,0.9824561403508771,0.9761904761904762,0.9761904761904762,0.9761904761904762,0.9976851851851851,0.9961867550130692,0.9761904761904762,0.9861111111111112,71,1,1,41
0.3,0.9824561403508771,0.9761904761904762,0.9761904761904762,0.9761904761904762,0.9976851851851851,0.9961867550130692,0.9761904761904762,0.9861111111111112,71,1,1,41
0.31,0.9824561403508771,0.9761904761904762,0.9761904761904762,0.9761904761904762,0.9976851851851851,0.9961867550130692,0.9761904761904762,0.9861111111111112,71,1,1,41
0.32,0.9824561403508771,0.9761904761904762,0.9761904761904762,0.9761904761904762,0.9976851851851851,0.9961867550130692,0.9761904761904762,0.9861111111111112,71,1,1,41
0.33,0.9824561403508771,0.9761904761904762,0.9761904761904762,0.9761904761904762,0.9976851851851851,0.9961867550130692,0.9761904761904762,0.9861111111111112,71,1,1,41
0.34,0.9824561403508771,0.9761904761904762,0.9761904761904762,0.9761904761904762,0.9976851851851851,0.9961867550130692,0.9761904761904762,0.9861111111111112,71,1,1,41
0.35,0.9824561403508771,0.9761904761904762,0.9761904761904762,0.9761904761904762,0.9976851851851851,0.9961867550130692,0.9761904761904762,0.9861111111111112,71,1,1,41
0.36,0.9824561403508771,0.9761904761904762,0.9761904761904762,0.9761904761904762,0.9976851851851851,0.9961867550130692,0.9761904761904762,0.9861111111111112,71,1,1,41
0.37,0.9824561403508771,0.9761904761904762,0.9761904761904762,0.9761904761904762,0.9976851851851851,0.9961867550130692,0.9761904761904762,0.9861111111111112,71,1,1,41
0.38,0.9824561403508771,0.9761904761904762,0.9761904761904762,0.9761904761904762,0.9976851851851851,0.9961867550130692,0.9761904761904762,0.9861111111111112,71,1,1,41
0.39,0.9824561403508771,0.9761904761904762,0.9761904761904762,0.9761904761904762,0.9976851851851851,0.9961867550130692,0.9761904761904762,0.9861111111111112,71,1,1,41
0.4,0.9824561403508771,0.9761904761904762,0.9761904761904762,0.9761904761904762,0.9976851851851851,0.9961867550130692,0.9761904761904762,0.9861111111111112,71,1,1,41
0.41,0.9824561403508771,0.9761904761904762,0.9761904761904762,0.9761904761904762,0.9976851851851851,0.9961867550130692,0.9761904761904762,0.9861111111111112,71,1,1,41
0.42,0.9824561403508771,0.9761904761904762,0.9761904761904762,0.9761904761904762,0.9976851851851851,0.9961867550130692,0.9761904761904762,0.9861111111111112,71,1,1,41
0.43,0.9736842105263158,0.975609756097561,0.9523809523809523,0.963855421686747,0.9976851851851851,0.9961867550130692,0.9523809523809523,0.9861111111111112,71,1,2,40
0.44,0.9736842105263158,0.975609756097561,0.9523809523809523,0.963855421686747,0.9976851851851851,0.9961867550130692,0.9523809523809523,0.9861111111111112,71,1,2,40
0.45,0.9736842105263158,0.975609756097561,0.9523809523809523,0.963855421686747,0.9976851851851851,0.9961867550130692,0.9523809523809523,0.9861111111111112,71,1,2,40
0.46,0.9736842105263158,0.975609756097561,0.9523809523809523,0.963855421686747,0.9976851851851851,0.9961867550130692,0.9523809523809523,0.9861111111111112,71,1,2,40
0.47,0.956140350877193,0.9743589743589743,0.9047619047619048,0.9382716049382716,0.9976851851851851,0.9961867550130692,0.9047619047619048,0.9861111111111112,71,1,4,38
0.48,0.956140350877193,0.9743589743589743,0.9047619047619048,0.9382716049382716,0.9976851851851851,0.9961867550130692,0.9047619047619048,0.9861111111111112,71,1,4,38
0.49,0.956140350877193,0.9743589743589743,0.9047619047619048,0.9382716049382716,0.9976851851851851,0.9961867550130692,0.9047619047619048,0.9861111111111112,71,1,4,38
0.5,0.956140350877193,0.9743589743589743,0.9047619047619048,0.9382716049382716,0.9976851851851851,0.9961867550130692,0.9047619047619048,0.9861111111111112,71,1,4,38
0.51,0.956140350877193,0.9743589743589743,0.9047619047619048,0.9382716049382716,0.9976851851851851,0.9961867550130692,0.9047619047619048,0.9861111111111112,71,1,4,38
0.52,0.956140350877193,0.9743589743589743,0.9047619047619048,0.9382716049382716,0.9976851851851851,0.9961867550130692,0.9047619047619048,0.9861111111111112,71,1,4,38
0.53,0.956140350877193,0.9743589743589743,0.9047619047619048,0.9382716049382716,0.9976851851851851,0.9961867550130692,0.9047619047619048,0.9861111111111112,71,1,4,38
0.54,0.956140350877193,0.9743589743589743,0.9047619047619048,0.9382716049382716,0.9976851851851851,0.9961867550130692,0.9047619047619048,0.9861111111111112,71,1,4,38
0.55,0.956140350877193,0.9743589743589743,0.9047619047619048,0.9382716049382716,0.9976851851851851,0.9961867550130692,0.9047619047619048,0.9861111111111112,71,1,4,38
0.56,0.956140350877193,0.9743589743589743,0.9047619047619048,0.9382716049382716,0.9976851851851851,0.9961867550130692,0.9047619047619048,0.9861111111111112,71,1,4,38
0.57,0.956140350877193,0.9743589743589743,0.9047619047619048,0.9382716049382716,0.9976851851851851,0.9961867550130692,0.9047619047619048,0.9861111111111112,71,1,4,38
0.58,0.956140350877193,0.9743589743589743,0.9047619047619048,0.9382716049382716,0.9976851851851851,0.9961867550130692,0.9047619047619048,0.9861111111111112,71,1,4,38
0.59,0.956140350877193,0.9743589743589743,0.9047619047619048,0.9382716049382716,0.9976851851851851,0.9961867550130692,0.9047619047619048,0.9861111111111112,71,1,4,38
0.6,0.956140350877193,0.9743589743589743,0.9047619047619048,0.9382716049382716,0.9976851851851851,0.9961867550130692,0.9047619047619048,0.9861111111111112,71,1,4,38
0.61,0.956140350877193,0.9743589743589743,0.9047619047619048,0.9382716049382716,0.9976851851851851,0.9961867550130692,0.9047619047619048,0.9861111111111112,71,1,4,38
0.62,0.956140350877193,0.9743589743589743,0.9047619047619048,0.9382716049382716,0.9976851851851851,0.9961867550130692,0.9047619047619048,0.9861111111111112,71,1,4,38
0.63,0.956140350877193,0.9743589743589743,0.9047619047619048,0.9382716049382716,0.9976851851851851,0.9961867550130692,0.9047619047619048,0.9861111111111112,71,1,4,38
0.64,0.956140350877193,0.9743589743589743,0.9047619047619048,0.9382716049382716,0.9976851851851851,0.9961867550130692,0.9047619047619048,0.9861111111111112,71,1,4,38
0.65,0.9649122807017544,1.0,0.9047619047619048,0.95,0.9976851851851851,0.9961867550130692,0.9047619047619048,1.0,72,0,4,38
0.66,0.956140350877193,1.0,0.8809523809523809,0.9367088607594937,0.9976851851851851,0.9961867550130692,0.8809523809523809,1.0,72,0,5,37
0.67,0.956140350877193,1.0,0.8809523809523809,0.9367088607594937,0.9976851851851851,0.9961867550130692,0.8809523809523809,1.0,72,0,5,37
0.68,0.956140350877193,1.0,0.8809523809523809,0.9367088607594937,0.9976851851851851,0.9961867550130692,0.8809523809523809,1.0,72,0,5,37
0.69,0.956140350877193,1.0,0.8809523809523809,0.9367088607594937,0.9976851851851851,0.9961867550130692,0.8809523809523809,1.0,72,0,5,37
0.7,0.9385964912280702,1.0,0.8333333333333334,0.9090909090909091,0.9976851851851851,0.9961867550130692,0.8333333333333334,1.0,72,0,7,35
0.71,0.9385964912280702,1.0,0.8333333333333334,0.9090909090909091,0.9976851851851851,0.9961867550130692,0.8333333333333334,1.0,72,0,7,35
0.72,0.9385964912280702,1.0,0.8333333333333334,0.9090909090909091,0.9976851851851851,0.9961867550130692,0.8333333333333334,1.0,72,0,7,35
0.73,0.9385964912280702,1.0,0.8333333333333334,0.9090909090909091,0.9976851851851851,0.9961867550130692,0.8333333333333334,1.0,72,0,7,35
0.74,0.9385964912280702,1.0,0.8333333333333334,0.9090909090909091,0.9976851851851851,0.9961867550130692,0.8333333333333334,1.0,72,0,7,35
0.75,0.9385964912280702,1.0,0.8333333333333334,0.9090909090909091,0.9976851851851851,0.9961867550130692,0.8333333333333334,1.0,72,0,7,35
0.76,0.9385964912280702,1.0,0.8333333333333334,0.9090909090909091,0.9976851851851851,0.9961867550130692,0.8333333333333334,1.0,72,0,7,35
0.77,0.9385964912280702,1.0,0.8333333333333334,0.9090909090909091,0.9976851851851851,0.9961867550130692,0.8333333333333334,1.0,72,0,7,35
0.78,0.9385964912280702,1.0,0.8333333333333334,0.9090909090909091,0.9976851851851851,0.9961867550130692,0.8333333333333334,1.0,72,0,7,35
0.79,0.9298245614035088,1.0,0.8095238095238095,0.8947368421052632,0.9976851851851851,0.9961867550130692,0.8095238095238095,1.0,72,0,8,34
0.8,0.9298245614035088,1.0,0.8095238095238095,0.8947368421052632,0.9976851851851851,0.9961867550130692,0.8095238095238095,1.0,72,0,8,34
0.81,0.9122807017543859,1.0,0.7619047619047619,0.8648648648648649,0.9976851851851851,0.9961867550130692,0.7619047619047619,1.0,72,0,10,32
0.82,0.9122807017543859,1.0,0.7619047619047619,0.8648648648648649,0.9976851851851851,0.9961867550130692,0.7619047619047619,1.0,72,0,10,32
0.83,0.9122807017543859,1.0,0.7619047619047619,0.8648648648648649,0.9976851851851851,0.9961867550130692,0.7619047619047619,1.0,72,0,10,32
0.84,0.9122807017543859,1.0,0.7619047619047619,0.8648648648648649,0.9976851851851851,0.9961867550130692,0.7619047619047619,1.0,72,0,10,32
0.85,0.9122807017543859,1.0,0.7619047619047619,0.8648648648648649,0.9976851851851851,0.9961867550130692,0.7619047619047619,1.0,72,0,10,32
0.86,0.9035087719298246,1.0,0.7380952380952381,0.8493150684931506,0.9976851851851851,0.9961867550130692,0.7380952380952381,1.0,72,0,11,31
0.87,0.9035087719298246,1.0,0.7380952380952381,0.8493150684931506,0.9976851851851851,0.9961867550130692,0.7380952380952381,1.0,72,0,11,31
0.88,0.9035087719298246,1.0,0.7380952380952381,0.8493150684931506,0.9976851851851851,0.9961867550130692,0.7380952380952381,1.0,72,0,11,31
0.89,0.9035087719298246,1.0,0.7380952380952381,0.8493150684931506,0.9976851851851851,0.9961867550130692,0.7380952380952381,1.0,72,0,11,31
0.9,0.8947368421052632,1.0,0.7142857142857143,0.8333333333333334,0.9976851851851851,0.9961867550130692,0.7142857142857143,1.0,72,0,12,30
0.91,0.8859649122807017,1.0,0.6904761904761905,0.8169014084507042,0.9976851851851851,0.9961867550130692,0.6904761904761905,1.0,72,0,13,29
0.92,0.868421052631579,1.0,0.6428571428571429,0.782608695652174,0.9976851851851851,0.9961867550130692,0.6428571428571429,1.0,72,0,15,27
0.93,0.868421052631579,1.0,0.6428571428571429,0.782608695652174,0.9976851851851851,0.9961867550130692,0.6428571428571429,1.0,72,0,15,27
0.94,0.8508771929824561,1.0,0.5952380952380952,0.746268656716418,0.9976851851851851,0.9961867550130692,0.5952380952380952,1.0,72,0,17,25
0.95,0.8333333333333334,1.0,0.5476190476190477,0.7076923076923077,0.9976851851851851,0.9961867550130692,0.5476190476190477,1.0,72,0,19,23
